,NaNs,Nulls,Porcentaje NaNs,Porcentaje Nulls,Data Type
order_details_id,0,0,0.0,0.0,int64
order_id,0,0,0.0,0.0,int64
pizza_id,5673,5673,11.668037844508433,11.668037844508433,object
quantity,4726,4726,9.72027972027972,9.72027972027972,object
